hostname,os,environment,country,node
ASIRL581,AIX,Staging,Ireland,581
HSDEU917,HP-UX,Staging,Germany,917
SSDEU906,Solaris,Staging,Germany,906
SPIRL346,Solaris,Production,Ireland,346
STNOR766,Solaris,Testing,Norway,766
LSESP419,Linux,Staging,Spain,419
LPDEU395,Linux,Production,Germany,395
APITA476,AIX,Production,Italy,476
STITA535,Solaris,Testing,Italy,535
LSESP725,Linux,Staging,Spain,725
LIIRL312,Linux,Integration,Ireland,312
LSFRA777,Linux,Staging,France,777
LIESP081,Linux,Integration,Spain,81
SSESP906,Solaris,Staging,Spain,906
SIIRL392,Solaris,Integration,Ireland,392
ASNOR615,AIX,Staging,Norway,615
ASDEU846,AIX,Staging,Germany,846
LPIRL267,Linux,Production,Ireland,267
SIIRL287,Solaris,Integration,Ireland,287
APIRL481,AIX,Production,Ireland,481
LPNOR734,Linux,Production,Norway,734
SIITA922,Solaris,Integration,Italy,922
ATITA800,AIX,Testing,Italy,800
LSDEU294,Linux,Staging,Germany,294
LPIRL721,Linux,Production,Ireland,721
LTDEU312,Linux,Testing,Germany,312
LSIRL941,Linux,Staging,Ireland,941
STDEU317,Solaris,Testing,Germany,317
STIRL087,Solaris,Testing,Ireland,87
STITA560,Solaris,Testing,Italy,560
AIESP231,AIX,Integration,Spain,231
ASESP414,AIX,Staging,Spain,414
APIRL300,AIX,Production,Ireland,300
STFRA320,Solaris,Testing,France,320
STIRL269,Solaris,Testing,Ireland,269
LPDEU141,Linux,Production,Germany,141
SPNOR251,Solaris,Production,Norway,251
ATDEU786,AIX,Testing,Germany,786
AIIRL093,AIX,Integration,Ireland,93
LDITA931,Linux,Development,Italy,931
SPIRL327,Solaris,Production,Ireland,327
SPFRA509,Solaris,Production,France,509
STESP618,Solaris,Testing,Spain,618
LTITA163,Linux,Testing,Italy,163
HSITA202,HP-UX,Staging,Italy,202
SSITA108,Solaris,Staging,Italy,108
LPIRL555,Linux,Production,Ireland,555
STDEU340,Solaris,Testing,Germany,340
STITA216,Solaris,Testing,Italy,216
SPIRL435,Solaris,Production,Ireland,435
APIRL555,AIX,Production,Ireland,555
ASIRL630,AIX,Staging,Ireland,630
SSDEU257,Solaris,Staging,Germany,257
LPITA605,Linux,Production,Italy,605
LTDEU172,Linux,Testing,Germany,172
LDIRL712,Linux,Development,Ireland,712
STIRL105,Solaris,Testing,Ireland,105
LSITA322,Linux,Staging,Italy,322
LTDEU492,Linux,Testing,Germany,492
SPIRL290,Solaris,Production,Ireland,290
LPITA220,Linux,Production,Italy,220
LTESP612,Linux,Testing,Spain,612
HPFRA259,HP-UX,Production,France,259
LTNOR917,Linux,Testing,Norway,917
SDITA072,Solaris,Development,Italy,72
ASIRL494,AIX,Staging,Ireland,494
LSESP904,Linux,Staging,Spain,904
LTDEU583,Linux,Testing,Germany,583
ADIRL451,AIX,Development,Ireland,451
SPIRL326,Solaris,Production,Ireland,326
SSIRL973,Solaris,Staging,Ireland,973
APNOR326,AIX,Production,Norway,326
SSIRL633,Solaris,Staging,Ireland,633
APDEU756,AIX,Production,Germany,756
AIESP958,AIX,Integration,Spain,958
LSDEU963,Linux,Staging,Germany,963
LPITA112,Linux,Production,Italy,112
ASIRL975,AIX,Staging,Ireland,975
LTIRL749,Linux,Testing,Ireland,749
STESP419,Solaris,Testing,Spain,419
ATDEU144,AIX,Testing,Germany,144
LSDEU866,Linux,Staging,Germany,866
LPESP692,Linux,Production,Spain,692
LTDEU627,Linux,Testing,Germany,627
AIIRL690,AIX,Integration,Ireland,690
HPITA668,HP-UX,Production,Italy,668
SIDEU165,Solaris,Integration,Germany,165
ATITA410,AIX,Testing,Italy,410
LDITA005,Linux,Development,Italy,5
LPIRL166,Linux,Production,Ireland,166
SSIRL816,Solaris,Staging,Ireland,816
LTDEU590,Linux,Testing,Germany,590
LTNOR659,Linux,Testing,Norway,659
LTDEU593,Linux,Testing,Germany,593
SPNOR252,Solaris,Production,Norway,252
SSIRL447,Solaris,Staging,Ireland,447
SIDEU404,Solaris,Integration,Germany,404
SIIRL690,Solaris,Integration,Ireland,690
LPIRL683,Linux,Production,Ireland,683
STESP877,Solaris,Testing,Spain,877
HDDEU518,HP-UX,Development,Germany,518
HSDEU003,HP-UX,Staging,Germany,3
ATESP297,AIX,Testing,Spain,297
APDEU253,AIX,Production,Germany,253
APESP456,AIX,Production,Spain,456
APITA902,AIX,Production,Italy,902
APIRL895,AIX,Production,Ireland,895
ATDEU209,AIX,Testing,Germany,209
AIITA765,AIX,Integration,Italy,765
HSFRA422,HP-UX,Staging,France,422
LDDEU873,Linux,Development,Germany,873
SIDEU866,Solaris,Integration,Germany,866
LSIRL848,Linux,Staging,Ireland,848
STIRL185,Solaris,Testing,Ireland,185
SDIRL945,Solaris,Development,Ireland,945
ADDEU661,AIX,Development,Germany,661
APIRL665,AIX,Production,Ireland,665
APIRL966,AIX,Production,Ireland,966
LSDEU969,Linux,Staging,Germany,969
ASIRL741,AIX,Staging,Ireland,741
SPIRL758,Solaris,Production,Ireland,758
LSIRL067,Linux,Staging,Ireland,67
SSIRL297,Solaris,Staging,Ireland,297
LPDEU439,Linux,Production,Germany,439
LTNOR035,Linux,Testing,Norway,35
HSNOR857,HP-UX,Staging,Norway,857
STESP964,Solaris,Testing,Spain,964
STIRL990,Solaris,Testing,Ireland,990
LDESP034,Linux,Development,Spain,34
HTDEU099,HP-UX,Testing,Germany,99
SPESP117,Solaris,Production,Spain,117
ATITA365,AIX,Testing,Italy,365
SPIRL265,Solaris,Production,Ireland,265
SSDEU131,Solaris,Staging,Germany,131
ASESP300,AIX,Staging,Spain,300
LSDEU601,Linux,Staging,Germany,601
LTIRL232,Linux,Testing,Ireland,232
LTFRA986,Linux,Testing,France,986
SPDEU916,Solaris,Production,Germany,916
HTIRL809,HP-UX,Testing,Ireland,809
LPITA594,Linux,Production,Italy,594
SPESP270,Solaris,Production,Spain,270
LPDEU230,Linux,Production,Germany,230
ASESP442,AIX,Staging,Spain,442
LTFRA971,Linux,Testing,France,971
APITA910,AIX,Production,Italy,910
HPESP437,HP-UX,Production,Spain,437
ASIRL470,AIX,Staging,Ireland,470
AIIRL209,AIX,Integration,Ireland,209
LINOR887,Linux,Integration,Norway,887
LPNOR005,Linux,Production,Norway,5
SPIRL056,Solaris,Production,Ireland,56
HTIRL307,HP-UX,Testing,Ireland,307
LPIRL168,Linux,Production,Ireland,168
SPDEU876,Solaris,Production,Germany,876
SPDEU227,Solaris,Production,Germany,227
LSDEU495,Linux,Staging,Germany,495
LSITA817,Linux,Staging,Italy,817
APESP523,AIX,Production,Spain,523
SPFRA632,Solaris,Production,France,632
SIDEU773,Solaris,Integration,Germany,773
SPITA279,Solaris,Production,Italy,279
ADFRA233,AIX,Development,France,233
SIFRA978,Solaris,Integration,France,978
SPITA525,Solaris,Production,Italy,525
LPIRL116,Linux,Production,Ireland,116
STIRL158,Solaris,Testing,Ireland,158
LPIRL566,Linux,Production,Ireland,566
LIITA179,Linux,Integration,Italy,179
LSDEU302,Linux,Staging,Germany,302
ASDEU838,AIX,Staging,Germany,838
LTITA090,Linux,Testing,Italy,90
HTDEU058,HP-UX,Testing,Germany,58
LPIRL309,Linux,Production,Ireland,309
LSESP320,Linux,Staging,Spain,320
STIRL565,Solaris,Testing,Ireland,565
SPDEU920,Solaris,Production,Germany,920
LPESP039,Linux,Production,Spain,39
SPDEU954,Solaris,Production,Germany,954
LTFRA087,Linux,Testing,France,87
SPFRA519,Solaris,Production,France,519
LPESP571,Linux,Production,Spain,571
STESP343,Solaris,Testing,Spain,343
SIESP190,Solaris,Integration,Spain,190
ASIRL530,AIX,Staging,Ireland,530
SPITA913,Solaris,Production,Italy,913
ATIRL049,AIX,Testing,Ireland,49
STIRL894,Solaris,Testing,Ireland,894
STESP127,Solaris,Testing,Spain,127
SDFRA878,Solaris,Development,France,878
ASITA049,AIX,Staging,Italy,49
ADITA086,AIX,Development,Italy,86
SPESP922,Solaris,Production,Spain,922
LTESP674,Linux,Testing,Spain,674
SPIRL224,Solaris,Production,Ireland,224
LPITA478,Linux,Production,Italy,478
STIRL974,Solaris,Testing,Ireland,974
SINOR716,Solaris,Integration,Norway,716
LIFRA810,Linux,Integration,France,810
SPDEU522,Solaris,Production,Germany,522
SPIRL987,Solaris,Production,Ireland,987
LSESP113,Linux,Staging,Spain,113
SSFRA007,Solaris,Staging,France,7
LDFRA829,Linux,Development,France,829
LDESP034,Linux,Development,Spain,34
LTITA616,Linux,Testing,Italy,616
SPNOR392,Solaris,Production,Norway,392
STFRA766,Solaris,Testing,France,766
APIRL682,AIX,Production,Ireland,682
ASIRL520,AIX,Staging,Ireland,520
HIDEU923,HP-UX,Integration,Germany,923
ASFRA078,AIX,Staging,France,78
ATDEU084,AIX,Testing,Germany,84
HSIRL233,HP-UX,Staging,Ireland,233
LTIRL438,Linux,Testing,Ireland,438
LTDEU170,Linux,Testing,Germany,170
LPDEU675,Linux,Production,Germany,675
APIRL805,AIX,Production,Ireland,805
LPESP502,Linux,Production,Spain,502
HTDEU267,HP-UX,Testing,Germany,267
HDIRL610,HP-UX,Development,Ireland,610
APIRL370,AIX,Production,Ireland,370
LIITA082,Linux,Integration,Italy,82
LIITA489,Linux,Integration,Italy,489
APDEU796,AIX,Production,Germany,796
SPITA595,Solaris,Production,Italy,595
APIRL826,AIX,Production,Ireland,826
LSFRA528,Linux,Staging,France,528
SPFRA663,Solaris,Production,France,663
LSIRL132,Linux,Staging,Ireland,132
LIIRL892,Linux,Integration,Ireland,892
LTESP031,Linux,Testing,Spain,31
HPIRL363,HP-UX,Production,Ireland,363
SPFRA332,Solaris,Production,France,332
LPIRL883,Linux,Production,Ireland,883
LPDEU103,Linux,Production,Germany,103
SPDEU892,Solaris,Production,Germany,892
STDEU952,Solaris,Testing,Germany,952
STITA074,Solaris,Testing,Italy,74
HPDEU504,HP-UX,Production,Germany,504
LPITA311,Linux,Production,Italy,311
LTITA382,Linux,Testing,Italy,382
STIRL261,Solaris,Testing,Ireland,261
HPESP767,HP-UX,Production,Spain,767
LIITA257,Linux,Integration,Italy,257
HTITA616,HP-UX,Testing,Italy,616
HTDEU560,HP-UX,Testing,Germany,560
SIDEU693,Solaris,Integration,Germany,693
LTESP703,Linux,Testing,Spain,703
SDIRL562,Solaris,Development,Ireland,562
SDDEU956,Solaris,Development,Germany,956
LPFRA585,Linux,Production,France,585
STIRL170,Solaris,Testing,Ireland,170
SSIRL371,Solaris,Staging,Ireland,371
APITA818,AIX,Production,Italy,818
LPNOR283,Linux,Production,Norway,283
ASFRA586,AIX,Staging,France,586
STESP638,Solaris,Testing,Spain,638
LIFRA365,Linux,Integration,France,365
SIDEU097,Solaris,Integration,Germany,97
LTITA306,Linux,Testing,Italy,306
SPITA649,Solaris,Production,Italy,649
ATFRA469,AIX,Testing,France,469
SDNOR830,Solaris,Development,Norway,830
SIDEU460,Solaris,Integration,Germany,460
STIRL473,Solaris,Testing,Ireland,473
SIESP530,Solaris,Integration,Spain,530
SSFRA433,Solaris,Staging,France,433
SDFRA835,Solaris,Development,France,835
APIRL650,AIX,Production,Ireland,650
LSESP218,Linux,Staging,Spain,218
LPESP632,Linux,Production,Spain,632
ATIRL763,AIX,Testing,Ireland,763
SPIRL138,Solaris,Production,Ireland,138
APITA625,AIX,Production,Italy,625
SPIRL869,Solaris,Production,Ireland,869
SSITA356,Solaris,Staging,Italy,356
ASDEU497,AIX,Staging,Germany,497
STESP727,Solaris,Testing,Spain,727
SIIRL446,Solaris,Integration,Ireland,446
SPIRL830,Solaris,Production,Ireland,830
SSFRA780,Solaris,Staging,France,780
SIFRA695,Solaris,Integration,France,695
LPESP845,Linux,Production,Spain,845
LDITA535,Linux,Development,Italy,535
APIRL671,AIX,Production,Ireland,671
LPESP941,Linux,Production,Spain,941
SIESP507,Solaris,Integration,Spain,507
SIDEU440,Solaris,Integration,Germany,440
SIIRL990,Solaris,Integration,Ireland,990
ADESP819,AIX,Development,Spain,819
LTESP404,Linux,Testing,Spain,404
LIESP895,Linux,Integration,Spain,895
SSDEU184,Solaris,Staging,Germany,184
LTIRL518,Linux,Testing,Ireland,518
APNOR654,AIX,Production,Norway,654
AIIRL655,AIX,Integration,Ireland,655
ATNOR045,AIX,Testing,Norway,45
HTIRL334,HP-UX,Testing,Ireland,334
HTDEU222,HP-UX,Testing,Germany,222
STIRL018,Solaris,Testing,Ireland,18
SDFRA541,Solaris,Development,France,541
LTITA806,Linux,Testing,Italy,806
APNOR093,AIX,Production,Norway,93
ADITA725,AIX,Development,Italy,725
APIRL718,AIX,Production,Ireland,718
LTFRA456,Linux,Testing,France,456
LTIRL364,Linux,Testing,Ireland,364
LTDEU464,Linux,Testing,Germany,464
SSIRL711,Solaris,Staging,Ireland,711
SINOR909,Solaris,Integration,Norway,909
SPESP005,Solaris,Production,Spain,5
HSIRL481,HP-UX,Staging,Ireland,481
SPIRL525,Solaris,Production,Ireland,525
LSIRL295,Linux,Staging,Ireland,295
LPITA651,Linux,Production,Italy,651
STIRL343,Solaris,Testing,Ireland,343
ATNOR330,AIX,Testing,Norway,330
SSESP793,Solaris,Staging,Spain,793
SPIRL790,Solaris,Production,Ireland,790
LTIRL140,Linux,Testing,Ireland,140
APIRL538,AIX,Production,Ireland,538
LTFRA024,Linux,Testing,France,24
STDEU359,Solaris,Testing,Germany,359
LPIRL423,Linux,Production,Ireland,423
LPDEU214,Linux,Production,Germany,214
SINOR710,Solaris,Integration,Norway,710
ASIRL214,AIX,Staging,Ireland,214
STITA205,Solaris,Testing,Italy,205
HIIRL818,HP-UX,Integration,Ireland,818
LSIRL709,Linux,Staging,Ireland,709
STIRL091,Solaris,Testing,Ireland,91
STDEU572,Solaris,Testing,Germany,572
SPFRA484,Solaris,Production,France,484
LPDEU843,Linux,Production,Germany,843
LIESP430,Linux,Integration,Spain,430
LSITA961,Linux,Staging,Italy,961
APIRL754,AIX,Production,Ireland,754
ASFRA470,AIX,Staging,France,470
STITA112,Solaris,Testing,Italy,112
LPDEU258,Linux,Production,Germany,258
LSFRA452,Linux,Staging,France,452
ATNOR309,AIX,Testing,Norway,309
SPITA688,Solaris,Production,Italy,688
APNOR389,AIX,Production,Norway,389
LIDEU199,Linux,Integration,Germany,199
APIRL245,AIX,Production,Ireland,245
ASESP061,AIX,Staging,Spain,61
LTITA709,Linux,Testing,Italy,709
STESP903,Solaris,Testing,Spain,903
LDITA245,Linux,Development,Italy,245
LIIRL981,Linux,Integration,Ireland,981
SINOR280,Solaris,Integration,Norway,280
LSNOR729,Linux,Staging,Norway,729
LPDEU355,Linux,Production,Germany,355
LPDEU397,Linux,Production,Germany,397
LSESP478,Linux,Staging,Spain,478
STESP061,Solaris,Testing,Spain,61
LTIRL782,Linux,Testing,Ireland,782
SPIRL590,Solaris,Production,Ireland,590
ATDEU429,AIX,Testing,Germany,429
LDDEU396,Linux,Development,Germany,396
HPIRL050,HP-UX,Production,Ireland,50
LSESP753,Linux,Staging,Spain,753
SPITA385,Solaris,Production,Italy,385
HSIRL991,HP-UX,Staging,Ireland,991
STFRA078,Solaris,Testing,France,78
ATITA938,AIX,Testing,Italy,938
STFRA097,Solaris,Testing,France,97
SPITA183,Solaris,Production,Italy,183
SIIRL892,Solaris,Integration,Ireland,892
SSIRL254,Solaris,Staging,Ireland,254
LPNOR609,Linux,Production,Norway,609
LSIRL803,Linux,Staging,Ireland,803
LPITA160,Linux,Production,Italy,160
LPNOR028,Linux,Production,Norway,28
SSIRL497,Solaris,Staging,Ireland,497
ATIRL562,AIX,Testing,Ireland,562
LPESP371,Linux,Production,Spain,371
APFRA735,AIX,Production,France,735
ASIRL635,AIX,Staging,Ireland,635
LTIRL311,Linux,Testing,Ireland,311
SPDEU692,Solaris,Production,Germany,692
SSIRL308,Solaris,Staging,Ireland,308
HIITA873,HP-UX,Integration,Italy,873
STITA267,Solaris,Testing,Italy,267
APNOR297,AIX,Production,Norway,297
STDEU299,Solaris,Testing,Germany,299
SDDEU644,Solaris,Development,Germany,644
LIFRA653,Linux,Integration,France,653
LSFRA887,Linux,Staging,France,887
LIDEU556,Linux,Integration,Germany,556
SDIRL330,Solaris,Development,Ireland,330
STDEU688,Solaris,Testing,Germany,688
ASNOR644,AIX,Staging,Norway,644
SSIRL387,Solaris,Staging,Ireland,387
ASESP108,AIX,Staging,Spain,108
ASIRL091,AIX,Staging,Ireland,91
LTIRL206,Linux,Testing,Ireland,206
LTESP155,Linux,Testing,Spain,155
SIIRL811,Solaris,Integration,Ireland,811
LDESP340,Linux,Development,Spain,340
SPITA018,Solaris,Production,Italy,18
APFRA115,AIX,Production,France,115
LPIRL431,Linux,Production,Ireland,431
LTDEU802,Linux,Testing,Germany,802
SSDEU595,Solaris,Staging,Germany,595
LPESP383,Linux,Production,Spain,383
LTDEU085,Linux,Testing,Germany,85
STIRL760,Solaris,Testing,Ireland,760
LSDEU950,Linux,Staging,Germany,950
APDEU309,AIX,Production,Germany,309
ATITA170,AIX,Testing,Italy,170
APNOR667,AIX,Production,Norway,667
ASFRA682,AIX,Staging,France,682
HTIRL732,HP-UX,Testing,Ireland,732
SDITA331,Solaris,Development,Italy,331
APITA677,AIX,Production,Italy,677
SPFRA840,Solaris,Production,France,840
LIIRL073,Linux,Integration,Ireland,73
SIDEU416,Solaris,Integration,Germany,416
SSESP293,Solaris,Staging,Spain,293
LIIRL319,Linux,Integration,Ireland,319
LTESP580,Linux,Testing,Spain,580
APFRA495,AIX,Production,France,495
LSIRL677,Linux,Staging,Ireland,677
LIESP012,Linux,Integration,Spain,12
SPIRL030,Solaris,Production,Ireland,30
LSDEU603,Linux,Staging,Germany,603
SPESP925,Solaris,Production,Spain,925
ADDEU337,AIX,Development,Germany,337
ATDEU823,AIX,Testing,Germany,823
LSIRL466,Linux,Staging,Ireland,466
SPFRA035,Solaris,Production,France,35
ATFRA987,AIX,Testing,France,987
ASIRL372,AIX,Staging,Ireland,372
LTITA996,Linux,Testing,Italy,996
LSDEU891,Linux,Staging,Germany,891
LPNOR172,Linux,Production,Norway,172
LDDEU422,Linux,Development,Germany,422
LPITA802,Linux,Production,Italy,802
LSDEU688,Linux,Staging,Germany,688
LPNOR159,Linux,Production,Norway,159
LSITA372,Linux,Staging,Italy,372
LSDEU783,Linux,Staging,Germany,783
ASESP465,AIX,Staging,Spain,465
STIRL015,Solaris,Testing,Ireland,15
SDESP568,Solaris,Development,Spain,568
LTIRL133,Linux,Testing,Ireland,133
STFRA486,Solaris,Testing,France,486
HTIRL303,HP-UX,Testing,Ireland,303
STDEU750,Solaris,Testing,Germany,750
HPDEU251,HP-UX,Production,Germany,251
AIDEU356,AIX,Integration,Germany,356
STIRL543,Solaris,Testing,Ireland,543
ATDEU627,AIX,Testing,Germany,627
LTDEU749,Linux,Testing,Germany,749
SDIRL522,Solaris,Development,Ireland,522
LPFRA776,Linux,Production,France,776
APESP417,AIX,Production,Spain,417
SSDEU860,Solaris,Staging,Germany,860
SIFRA300,Solaris,Integration,France,300
STITA972,Solaris,Testing,Italy,972
LPESP672,Linux,Production,Spain,672
SPITA177,Solaris,Production,Italy,177
LDFRA203,Linux,Development,France,203
STIRL047,Solaris,Testing,Ireland,47
SPDEU671,Solaris,Production,Germany,671
APITA300,AIX,Production,Italy,300
SDIRL111,Solaris,Development,Ireland,111
LSESP361,Linux,Staging,Spain,361
SSESP701,Solaris,Staging,Spain,701
ADESP394,AIX,Development,Spain,394
HDDEU028,HP-UX,Development,Germany,28
SPIRL297,Solaris,Production,Ireland,297
ASITA498,AIX,Staging,Italy,498
STESP270,Solaris,Testing,Spain,270
LIITA387,Linux,Integration,Italy,387
LTDEU614,Linux,Testing,Germany,614
LSIRL494,Linux,Staging,Ireland,494
ATDEU322,AIX,Testing,Germany,322
HPDEU623,HP-UX,Production,Germany,623
LPFRA803,Linux,Production,France,803
HPFRA522,HP-UX,Production,France,522
LSDEU198,Linux,Staging,Germany,198
LTESP601,Linux,Testing,Spain,601
LPDEU296,Linux,Production,Germany,296
STIRL529,Solaris,Testing,Ireland,529
SIIRL888,Solaris,Integration,Ireland,888
LSDEU025,Linux,Staging,Germany,25
STIRL940,Solaris,Testing,Ireland,940
LTFRA719,Linux,Testing,France,719
HSITA676,HP-UX,Staging,Italy,676
ADESP993,AIX,Development,Spain,993
LTESP106,Linux,Testing,Spain,106
APDEU671,AIX,Production,Germany,671
APIRL003,AIX,Production,Ireland,3
SSIRL647,Solaris,Staging,Ireland,647
APIRL073,AIX,Production,Ireland,73
LSFRA375,Linux,Staging,France,375
HTDEU443,HP-UX,Testing,Germany,443
SPIRL588,Solaris,Production,Ireland,588
SPIRL866,Solaris,Production,Ireland,866
SDIRL922,Solaris,Development,Ireland,922
LSFRA240,Linux,Staging,France,240
LPFRA287,Linux,Production,France,287
HSESP685,HP-UX,Staging,Spain,685
SSIRL760,Solaris,Staging,Ireland,760
SIIRL095,Solaris,Integration,Ireland,95
APFRA116,AIX,Production,France,116
APIRL495,AIX,Production,Ireland,495
LTESP584,Linux,Testing,Spain,584
LSDEU531,Linux,Staging,Germany,531
LSITA156,Linux,Staging,Italy,156
SSDEU386,Solaris,Staging,Germany,386
HIFRA261,HP-UX,Integration,France,261
SSIRL017,Solaris,Staging,Ireland,17
SDESP068,Solaris,Development,Spain,68
HTIRL715,HP-UX,Testing,Ireland,715
SPFRA614,Solaris,Production,France,614
ASITA860,AIX,Staging,Italy,860
SPITA886,Solaris,Production,Italy,886
LPESP829,Linux,Production,Spain,829
STIRL254,Solaris,Testing,Ireland,254
APDEU648,AIX,Production,Germany,648
LSFRA326,Linux,Staging,France,326
LSFRA406,Linux,Staging,France,406
AIFRA911,AIX,Integration,France,911
ADITA280,AIX,Development,Italy,280
STFRA883,Solaris,Testing,France,883
LPESP266,Linux,Production,Spain,266
LDIRL980,Linux,Development,Ireland,980
LPIRL648,Linux,Production,Ireland,648
LSFRA527,Linux,Staging,France,527
STESP191,Solaris,Testing,Spain,191
ADITA048,AIX,Development,Italy,48
HTDEU077,HP-UX,Testing,Germany,77
SSITA329,Solaris,Staging,Italy,329
SPIRL354,Solaris,Production,Ireland,354
APITA502,AIX,Production,Italy,502
HDFRA200,HP-UX,Development,France,200
LDIRL337,Linux,Development,Ireland,337
LPESP701,Linux,Production,Spain,701
LTFRA907,Linux,Testing,France,907
LDFRA590,Linux,Development,France,590
ATIRL242,AIX,Testing,Ireland,242
LTITA107,Linux,Testing,Italy,107
STFRA561,Solaris,Testing,France,561
ATIRL269,AIX,Testing,Ireland,269
STESP289,Solaris,Testing,Spain,289
LTFRA342,Linux,Testing,France,342
ATIRL972,AIX,Testing,Ireland,972
LPIRL713,Linux,Production,Ireland,713
ASITA258,AIX,Staging,Italy,258
LTDEU466,Linux,Testing,Germany,466
SSIRL409,Solaris,Staging,Ireland,409
HPIRL918,HP-UX,Production,Ireland,918
APNOR844,AIX,Production,Norway,844
STESP737,Solaris,Testing,Spain,737
HTIRL454,HP-UX,Testing,Ireland,454
AIITA947,AIX,Integration,Italy,947
LTESP142,Linux,Testing,Spain,142
LPIRL292,Linux,Production,Ireland,292
LDITA614,Linux,Development,Italy,614
LTIRL969,Linux,Testing,Ireland,969
SPIRL914,Solaris,Production,Ireland,914
LIIRL580,Linux,Integration,Ireland,580
LSDEU821,Linux,Staging,Germany,821
HIIRL386,HP-UX,Integration,Ireland,386
ADFRA114,AIX,Development,France,114
AIITA050,AIX,Integration,Italy,50
HTIRL878,HP-UX,Testing,Ireland,878
ATDEU817,AIX,Testing,Germany,817
LTDEU760,Linux,Testing,Germany,760
LPIRL382,Linux,Production,Ireland,382
HDIRL505,HP-UX,Development,Ireland,505
ASIRL799,AIX,Staging,Ireland,799
HPESP841,HP-UX,Production,Spain,841
APITA166,AIX,Production,Italy,166
SPNOR585,Solaris,Production,Norway,585
SIFRA165,Solaris,Integration,France,165
LPFRA991,Linux,Production,France,991
HSFRA111,HP-UX,Staging,France,111
HTIRL154,HP-UX,Testing,Ireland,154
SPFRA227,Solaris,Production,France,227
LDDEU668,Linux,Development,Germany,668
LSESP486,Linux,Staging,Spain,486
LSITA961,Linux,Staging,Italy,961
SSFRA471,Solaris,Staging,France,471
LPESP267,Linux,Production,Spain,267
HDITA592,HP-UX,Development,Italy,592
LIDEU155,Linux,Integration,Germany,155
LDIRL723,Linux,Development,Ireland,723
SPESP109,Solaris,Production,Spain,109
AIESP853,AIX,Integration,Spain,853
SIDEU939,Solaris,Integration,Germany,939
LSIRL284,Linux,Staging,Ireland,284
STESP983,Solaris,Testing,Spain,983
LTITA786,Linux,Testing,Italy,786
LTITA687,Linux,Testing,Italy,687
SSIRL823,Solaris,Staging,Ireland,823
STIRL593,Solaris,Testing,Ireland,593
LSDEU342,Linux,Staging,Germany,342
ATDEU979,AIX,Testing,Germany,979
AIIRL482,AIX,Integration,Ireland,482
SDDEU528,Solaris,Development,Germany,528
APIRL251,AIX,Production,Ireland,251
SIESP532,Solaris,Integration,Spain,532
SSFRA389,Solaris,Staging,France,389
SSDEU451,Solaris,Staging,Germany,451
STDEU913,Solaris,Testing,Germany,913
ASIRL820,AIX,Staging,Ireland,820
LTFRA508,Linux,Testing,France,508
LSIRL581,Linux,Staging,Ireland,581
ASIRL080,AIX,Staging,Ireland,80
STIRL959,Solaris,Testing,Ireland,959
HPFRA380,HP-UX,Production,France,380
LIESP251,Linux,Integration,Spain,251
LPITA415,Linux,Production,Italy,415
SDIRL347,Solaris,Development,Ireland,347
HSDEU420,HP-UX,Staging,Germany,420
ADITA030,AIX,Development,Italy,30
STFRA891,Solaris,Testing,France,891
STESP731,Solaris,Testing,Spain,731
SDITA061,Solaris,Development,Italy,61
LSIRL418,Linux,Staging,Ireland,418
LTDEU528,Linux,Testing,Germany,528
LTFRA959,Linux,Testing,France,959
HSIRL875,HP-UX,Staging,Ireland,875
APDEU706,AIX,Production,Germany,706
LIESP798,Linux,Integration,Spain,798
HPFRA454,HP-UX,Production,France,454
LTIRL328,Linux,Testing,Ireland,328
LSIRL888,Linux,Staging,Ireland,888
STIRL068,Solaris,Testing,Ireland,68
LDIRL028,Linux,Development,Ireland,28
AIDEU786,AIX,Integration,Germany,786
STITA916,Solaris,Testing,Italy,916
LPIRL940,Linux,Production,Ireland,940
SPDEU618,Solaris,Production,Germany,618
LSDEU070,Linux,Staging,Germany,70
LSIRL153,Linux,Staging,Ireland,153
LSIRL363,Linux,Staging,Ireland,363
SPIRL236,Solaris,Production,Ireland,236
LSDEU133,Linux,Staging,Germany,133
SPFRA403,Solaris,Production,France,403
ATDEU389,AIX,Testing,Germany,389
LIDEU095,Linux,Integration,Germany,95
AIDEU919,AIX,Integration,Germany,919
ASESP878,AIX,Staging,Spain,878
SPDEU372,Solaris,Production,Germany,372
SPITA597,Solaris,Production,Italy,597
SDDEU689,Solaris,Development,Germany,689
STFRA400,Solaris,Testing,France,400
APIRL686,AIX,Production,Ireland,686
APIRL810,AIX,Production,Ireland,810
HSDEU693,HP-UX,Staging,Germany,693
ASDEU590,AIX,Staging,Germany,590
SPIRL194,Solaris,Production,Ireland,194
LTITA970,Linux,Testing,Italy,970
LSIRL560,Linux,Staging,Ireland,560
SPFRA302,Solaris,Production,France,302
APESP861,AIX,Production,Spain,861
STFRA687,Solaris,Testing,France,687
LSDEU529,Linux,Staging,Germany,529
SSIRL566,Solaris,Staging,Ireland,566
STIRL431,Solaris,Testing,Ireland,431
ATITA875,AIX,Testing,Italy,875
AIFRA224,AIX,Integration,France,224
ADITA028,AIX,Development,Italy,28
ATNOR837,AIX,Testing,Norway,837
LIESP076,Linux,Integration,Spain,76
LTESP305,Linux,Testing,Spain,305
AIDEU999,AIX,Integration,Germany,999
LSIRL933,Linux,Staging,Ireland,933
LSDEU737,Linux,Staging,Germany,737
SPIRL175,Solaris,Production,Ireland,175
LDITA599,Linux,Development,Italy,599
STITA485,Solaris,Testing,Italy,485
SSESP910,Solaris,Staging,Spain,910
LSIRL189,Linux,Staging,Ireland,189
SPIRL542,Solaris,Production,Ireland,542
SDIRL822,Solaris,Development,Ireland,822
STIRL218,Solaris,Testing,Ireland,218
LPDEU648,Linux,Production,Germany,648
SSDEU246,Solaris,Staging,Germany,246
SDDEU669,Solaris,Development,Germany,669
LIESP718,Linux,Integration,Spain,718
LSNOR173,Linux,Staging,Norway,173
LPITA508,Linux,Production,Italy,508
LDDEU834,Linux,Development,Germany,834
APIRL227,AIX,Production,Ireland,227
ATESP220,AIX,Testing,Spain,220
SSDEU971,Solaris,Staging,Germany,971
HTDEU929,HP-UX,Testing,Germany,929
LPITA846,Linux,Production,Italy,846
ATITA033,AIX,Testing,Italy,33
LSFRA206,Linux,Staging,France,206
HTNOR743,HP-UX,Testing,Norway,743
SPNOR456,Solaris,Production,Norway,456
SSITA682,Solaris,Staging,Italy,682
LPDEU357,Linux,Production,Germany,357
SDFRA051,Solaris,Development,France,51
SSIRL012,Solaris,Staging,Ireland,12
APDEU908,AIX,Production,Germany,908
LTDEU025,Linux,Testing,Germany,25
SPDEU214,Solaris,Production,Germany,214
SDDEU267,Solaris,Development,Germany,267
APDEU264,AIX,Production,Germany,264
SSIRL034,Solaris,Staging,Ireland,34
ATFRA800,AIX,Testing,France,800
HTESP714,HP-UX,Testing,Spain,714
LPIRL002,Linux,Production,Ireland,2
ASITA114,AIX,Staging,Italy,114
LPITA919,Linux,Production,Italy,919
STIRL321,Solaris,Testing,Ireland,321
LTIRL025,Linux,Testing,Ireland,25
LSIRL351,Linux,Staging,Ireland,351
LTDEU559,Linux,Testing,Germany,559
LSDEU049,Linux,Staging,Germany,49
ATIRL500,AIX,Testing,Ireland,500
ASNOR226,AIX,Staging,Norway,226
ATESP025,AIX,Testing,Spain,25
LSDEU456,Linux,Staging,Germany,456
ASITA828,AIX,Staging,Italy,828
LIFRA752,Linux,Integration,France,752
LSFRA372,Linux,Staging,France,372
ATDEU717,AIX,Testing,Germany,717
SPITA684,Solaris,Production,Italy,684
HSIRL947,HP-UX,Staging,Ireland,947
APIRL659,AIX,Production,Ireland,659
LTIRL644,Linux,Testing,Ireland,644
LTIRL766,Linux,Testing,Ireland,766
SSIRL068,Solaris,Staging,Ireland,68
STIRL693,Solaris,Testing,Ireland,693
LTESP145,Linux,Testing,Spain,145
SPITA762,Solaris,Production,Italy,762
ADDEU766,AIX,Development,Germany,766
LPIRL780,Linux,Production,Ireland,780
LTESP500,Linux,Testing,Spain,500
APESP862,AIX,Production,Spain,862
LSFRA920,Linux,Staging,France,920
LPESP959,Linux,Production,Spain,959
SSDEU910,Solaris,Staging,Germany,910
SPIRL445,Solaris,Production,Ireland,445
LSESP509,Linux,Staging,Spain,509
SIDEU872,Solaris,Integration,Germany,872
SPIRL084,Solaris,Production,Ireland,84
LTIRL149,Linux,Testing,Ireland,149
LDESP029,Linux,Development,Spain,29
LDDEU956,Linux,Development,Germany,956
ASIRL212,AIX,Staging,Ireland,212
ATITA545,AIX,Testing,Italy,545
LPIRL703,Linux,Production,Ireland,703
SPESP979,Solaris,Production,Spain,979
ADFRA583,AIX,Development,France,583
LDIRL765,Linux,Development,Ireland,765
STITA407,Solaris,Testing,Italy,407
SDDEU912,Solaris,Development,Germany,912
SSFRA495,Solaris,Staging,France,495
LIITA508,Linux,Integration,Italy,508
LSFRA783,Linux,Staging,France,783
LDFRA371,Linux,Development,France,371
HPIRL569,HP-UX,Production,Ireland,569
LDESP289,Linux,Development,Spain,289
LTFRA146,Linux,Testing,France,146
SPIRL958,Solaris,Production,Ireland,958
LDIRL865,Linux,Development,Ireland,865
LSESP707,Linux,Staging,Spain,707
HPDEU853,HP-UX,Production,Germany,853
ASFRA214,AIX,Staging,France,214
LIITA491,Linux,Integration,Italy,491
APIRL519,AIX,Production,Ireland,519
LPITA662,Linux,Production,Italy,662
SPESP224,Solaris,Production,Spain,224
LINOR574,Linux,Integration,Norway,574
SPIRL198,Solaris,Production,Ireland,198
SPNOR682,Solaris,Production,Norway,682
STDEU068,Solaris,Testing,Germany,68
SPESP089,Solaris,Production,Spain,89
LDDEU225,Linux,Development,Germany,225
APIRL523,AIX,Production,Ireland,523
HSDEU799,HP-UX,Staging,Germany,799
LTESP050,Linux,Testing,Spain,50
LTDEU956,Linux,Testing,Germany,956
SSDEU469,Solaris,Staging,Germany,469
LIIRL102,Linux,Integration,Ireland,102
LTIRL471,Linux,Testing,Ireland,471
SDITA274,Solaris,Development,Italy,274
SPITA343,Solaris,Production,Italy,343
LTDEU871,Linux,Testing,Germany,871
LIIRL072,Linux,Integration,Ireland,72
APITA848,AIX,Production,Italy,848
STIRL363,Solaris,Testing,Ireland,363
STIRL537,Solaris,Testing,Ireland,537
SDDEU345,Solaris,Development,Germany,345
ASIRL036,AIX,Staging,Ireland,36
SPITA292,Solaris,Production,Italy,292
STITA343,Solaris,Testing,Italy,343
SSDEU018,Solaris,Staging,Germany,18
STFRA030,Solaris,Testing,France,30
ATIRL907,AIX,Testing,Ireland,907
HSFRA793,HP-UX,Staging,France,793
ATNOR151,AIX,Testing,Norway,151
SIIRL163,Solaris,Integration,Ireland,163
SSDEU214,Solaris,Staging,Germany,214
LTDEU988,Linux,Testing,Germany,988
SSDEU793,Solaris,Staging,Germany,793
SIFRA800,Solaris,Integration,France,800
ATFRA771,AIX,Testing,France,771
LIESP409,Linux,Integration,Spain,409
LTFRA541,Linux,Testing,France,541
LSITA001,Linux,Staging,Italy,1
LTDEU065,Linux,Testing,Germany,65
SPITA037,Solaris,Production,Italy,37
LPITA306,Linux,Production,Italy,306
STESP650,Solaris,Testing,Spain,650
ATDEU759,AIX,Testing,Germany,759
LTFRA270,Linux,Testing,France,270
SPDEU259,Solaris,Production,Germany,259
SIIRL053,Solaris,Integration,Ireland,53
LPDEU628,Linux,Production,Germany,628
LDITA338,Linux,Development,Italy,338
SSITA330,Solaris,Staging,Italy,330
APIRL818,AIX,Production,Ireland,818
LSDEU299,Linux,Staging,Germany,299
SIDEU907,Solaris,Integration,Germany,907
SPDEU491,Solaris,Production,Germany,491
HTESP677,HP-UX,Testing,Spain,677
APESP820,AIX,Production,Spain,820
LPIRL227,Linux,Production,Ireland,227
LTESP274,Linux,Testing,Spain,274
STIRL560,Solaris,Testing,Ireland,560
LTDEU334,Linux,Testing,Germany,334
LPIRL315,Linux,Production,Ireland,315
LINOR671,Linux,Integration,Norway,671
APNOR858,AIX,Production,Norway,858
ATIRL143,AIX,Testing,Ireland,143
SPIRL705,Solaris,Production,Ireland,705
LSIRL623,Linux,Staging,Ireland,623
SPFRA162,Solaris,Production,France,162
LIESP245,Linux,Integration,Spain,245
HPESP187,HP-UX,Production,Spain,187
HSIRL371,HP-UX,Staging,Ireland,371
STDEU566,Solaris,Testing,Germany,566
SDESP729,Solaris,Development,Spain,729
LPIRL841,Linux,Production,Ireland,841
SDIRL057,Solaris,Development,Ireland,57
SPFRA556,Solaris,Production,France,556
LPESP936,Linux,Production,Spain,936
SPESP242,Solaris,Production,Spain,242
SIESP801,Solaris,Integration,Spain,801
SSITA924,Solaris,Staging,Italy,924
LPDEU167,Linux,Production,Germany,167
SSESP395,Solaris,Staging,Spain,395
LTESP550,Linux,Testing,Spain,550
HPESP166,HP-UX,Production,Spain,166
LSDEU166,Linux,Staging,Germany,166
ATIRL354,AIX,Testing,Ireland,354
STITA938,Solaris,Testing,Italy,938
LINOR378,Linux,Integration,Norway,378
SDIRL852,Solaris,Development,Ireland,852
STESP472,Solaris,Testing,Spain,472
SPDEU277,Solaris,Production,Germany,277
ASIRL681,AIX,Staging,Ireland,681
LPDEU934,Linux,Production,Germany,934
HPIRL347,HP-UX,Production,Ireland,347
HPITA856,HP-UX,Production,Italy,856
SDIRL849,Solaris,Development,Ireland,849
SSITA729,Solaris,Staging,Italy,729
LTIRL530,Linux,Testing,Ireland,530
APFRA904,AIX,Production,France,904
STESP326,Solaris,Testing,Spain,326
SPDEU399,Solaris,Production,Germany,399
LSITA008,Linux,Staging,Italy,8
STIRL242,Solaris,Testing,Ireland,242
LPDEU368,Linux,Production,Germany,368
APIRL435,AIX,Production,Ireland,435
SSFRA109,Solaris,Staging,France,109
SDESP077,Solaris,Development,Spain,77
STITA113,Solaris,Testing,Italy,113
SPIRL354,Solaris,Production,Ireland,354
HTFRA004,HP-UX,Testing,France,4
LTITA023,Linux,Testing,Italy,23
STDEU402,Solaris,Testing,Germany,402
LSITA695,Linux,Staging,Italy,695
LSDEU984,Linux,Staging,Germany,984
LTDEU284,Linux,Testing,Germany,284
STDEU687,Solaris,Testing,Germany,687
LTESP113,Linux,Testing,Spain,113
LPDEU168,Linux,Production,Germany,168
SSESP284,Solaris,Staging,Spain,284
SPITA873,Solaris,Production,Italy,873
SSDEU102,Solaris,Staging,Germany,102
APIRL294,AIX,Production,Ireland,294
STESP631,Solaris,Testing,Spain,631
LTIRL914,Linux,Testing,Ireland,914
LSITA995,Linux,Staging,Italy,995
APIRL020,AIX,Production,Ireland,20
SIIRL348,Solaris,Integration,Ireland,348
STDEU040,Solaris,Testing,Germany,40
SPESP916,Solaris,Production,Spain,916
SSIRL692,Solaris,Staging,Ireland,692
STESP967,Solaris,Testing,Spain,967
LTDEU507,Linux,Testing,Germany,507
HSNOR324,HP-UX,Staging,Norway,324
HSITA504,HP-UX,Staging,Italy,504
STITA654,Solaris,Testing,Italy,654
ASIRL873,AIX,Staging,Ireland,873
ATIRL074,AIX,Testing,Ireland,74
SPESP961,Solaris,Production,Spain,961
ADITA293,AIX,Development,Italy,293
ATIRL062,AIX,Testing,Ireland,62
SPITA097,Solaris,Production,Italy,97
STDEU346,Solaris,Testing,Germany,346
APITA309,AIX,Production,Italy,309
SDITA858,Solaris,Development,Italy,858
SPESP785,Solaris,Production,Spain,785
LSDEU264,Linux,Staging,Germany,264
APITA186,AIX,Production,Italy,186
LSIRL333,Linux,Staging,Ireland,333
AIESP027,AIX,Integration,Spain,27
STIRL530,Solaris,Testing,Ireland,530
LTESP165,Linux,Testing,Spain,165
LPESP344,Linux,Production,Spain,344
APESP529,AIX,Production,Spain,529
LSDEU209,Linux,Staging,Germany,209
LPIRL879,Linux,Production,Ireland,879
LDDEU710,Linux,Development,Germany,710
ASIRL680,AIX,Staging,Ireland,680
HSDEU883,HP-UX,Staging,Germany,883
SPIRL220,Solaris,Production,Ireland,220
LPDEU554,Linux,Production,Germany,554
LTIRL438,Linux,Testing,Ireland,438
HPDEU330,HP-UX,Production,Germany,330
LPIRL917,Linux,Production,Ireland,917
LSDEU466,Linux,Staging,Germany,466
SDESP011,Solaris,Development,Spain,11
HSITA985,HP-UX,Staging,Italy,985
STIRL618,Solaris,Testing,Ireland,618
LSIRL043,Linux,Staging,Ireland,43
SPESP687,Solaris,Production,Spain,687
SIESP675,Solaris,Integration,Spain,675
APFRA767,AIX,Production,France,767
HTITA109,HP-UX,Testing,Italy,109
LDESP555,Linux,Development,Spain,555
SIITA266,Solaris,Integration,Italy,266
APIRL233,AIX,Production,Ireland,233
LTIRL725,Linux,Testing,Ireland,725
SPDEU547,Solaris,Production,Germany,547
ATIRL785,AIX,Testing,Ireland,785
APIRL901,AIX,Production,Ireland,901
LTDEU971,Linux,Testing,Germany,971
HSNOR974,HP-UX,Staging,Norway,974
LTNOR603,Linux,Testing,Norway,603
LPNOR133,Linux,Production,Norway,133
SDIRL703,Solaris,Development,Ireland,703
APESP059,AIX,Production,Spain,59
LSIRL129,Linux,Staging,Ireland,129
LSDEU068,Linux,Staging,Germany,68
SSIRL098,Solaris,Staging,Ireland,98
LTIRL683,Linux,Testing,Ireland,683
ATFRA940,AIX,Testing,France,940
HTIRL110,HP-UX,Testing,Ireland,110
SPIRL257,Solaris,Production,Ireland,257
LTITA042,Linux,Testing,Italy,42
LTFRA655,Linux,Testing,France,655
SPFRA527,Solaris,Production,France,527
APITA778,AIX,Production,Italy,778
ASNOR141,AIX,Staging,Norway,141
ASDEU486,AIX,Staging,Germany,486
SPDEU390,Solaris,Production,Germany,390
LPDEU182,Linux,Production,Germany,182
LDITA510,Linux,Development,Italy,510
APESP966,AIX,Production,Spain,966
SPFRA324,Solaris,Production,France,324
LTESP920,Linux,Testing,Spain,920
LSITA401,Linux,Staging,Italy,401
LSITA082,Linux,Staging,Italy,82
SSITA647,Solaris,Staging,Italy,647
LTDEU480,Linux,Testing,Germany,480
LTIRL044,Linux,Testing,Ireland,44
STFRA856,Solaris,Testing,France,856
APITA594,AIX,Production,Italy,594
STDEU428,Solaris,Testing,Germany,428
STIRL965,Solaris,Testing,Ireland,965
HSIRL193,HP-UX,Staging,Ireland,193
LTIRL861,Linux,Testing,Ireland,861
SSIRL612,Solaris,Staging,Ireland,612
LPIRL949,Linux,Production,Ireland,949
LTIRL365,Linux,Testing,Ireland,365
STIRL390,Solaris,Testing,Ireland,390
SIIRL811,Solaris,Integration,Ireland,811
LPNOR184,Linux,Production,Norway,184
SPIRL925,Solaris,Production,Ireland,925
STITA360,Solaris,Testing,Italy,360
SDESP836,Solaris,Development,Spain,836
ATITA800,AIX,Testing,Italy,800
HIIRL538,HP-UX,Integration,Ireland,538
SPDEU871,Solaris,Production,Germany,871
HTDEU030,HP-UX,Testing,Germany,30
LSIRL551,Linux,Staging,Ireland,551
SDFRA419,Solaris,Development,France,419
LSNOR308,Linux,Staging,Norway,308
SPIRL320,Solaris,Production,Ireland,320
LTITA532,Linux,Testing,Italy,532
SDNOR898,Solaris,Development,Norway,898
LSITA448,Linux,Staging,Italy,448
ASIRL136,AIX,Staging,Ireland,136
STESP188,Solaris,Testing,Spain,188
HSIRL599,HP-UX,Staging,Ireland,599
HTIRL174,HP-UX,Testing,Ireland,174
HPITA677,HP-UX,Production,Italy,677
LSNOR110,Linux,Staging,Norway,110
ATESP604,AIX,Testing,Spain,604
LIFRA025,Linux,Integration,France,25
APIRL980,AIX,Production,Ireland,980
APIRL012,AIX,Production,Ireland,12
LSITA472,Linux,Staging,Italy,472
LSESP909,Linux,Staging,Spain,909
STIRL366,Solaris,Testing,Ireland,366
LDDEU656,Linux,Development,Germany,656
LTFRA193,Linux,Testing,France,193
SSIRL561,Solaris,Staging,Ireland,561
SSIRL811,Solaris,Staging,Ireland,811
SPIRL269,Solaris,Production,Ireland,269
ASFRA963,AIX,Staging,France,963
LDITA515,Linux,Development,Italy,515
SIIRL392,Solaris,Integration,Ireland,392
SSIRL426,Solaris,Staging,Ireland,426
LSIRL840,Linux,Staging,Ireland,840
SPITA271,Solaris,Production,Italy,271
LPDEU269,Linux,Production,Germany,269
LPDEU834,Linux,Production,Germany,834
SPIRL331,Solaris,Production,Ireland,331
SIIRL716,Solaris,Integration,Ireland,716
APITA723,AIX,Production,Italy,723
ASFRA456,AIX,Staging,France,456
SSIRL023,Solaris,Staging,Ireland,23
LSDEU418,Linux,Staging,Germany,418
LPITA946,Linux,Production,Italy,946
LPFRA889,Linux,Production,France,889
HTESP190,HP-UX,Testing,Spain,190
SPIRL762,Solaris,Production,Ireland,762
ATIRL573,AIX,Testing,Ireland,573
LPNOR898,Linux,Production,Norway,898
SIIRL312,Solaris,Integration,Ireland,312
ATIRL327,AIX,Testing,Ireland,327
LIITA009,Linux,Integration,Italy,9
SIITA633,Solaris,Integration,Italy,633
SSITA182,Solaris,Staging,Italy,182
AIIRL694,AIX,Integration,Ireland,694
LSDEU766,Linux,Staging,Germany,766
SDIRL949,Solaris,Development,Ireland,949
HSITA018,HP-UX,Staging,Italy,18
SDNOR477,Solaris,Development,Norway,477
SIDEU874,Solaris,Integration,Germany,874
LPITA528,Linux,Production,Italy,528
ASIRL975,AIX,Staging,Ireland,975
LTITA511,Linux,Testing,Italy,511
LSESP565,Linux,Staging,Spain,565
LSIRL647,Linux,Staging,Ireland,647
APFRA105,AIX,Production,France,105
LPDEU274,Linux,Production,Germany,274
LSDEU258,Linux,Staging,Germany,258
LTNOR009,Linux,Testing,Norway,9
LDITA785,Linux,Development,Italy,785
ADDEU571,AIX,Development,Germany,571
SDIRL030,Solaris,Development,Ireland,30
STITA080,Solaris,Testing,Italy,80
LPDEU123,Linux,Production,Germany,123
LSITA499,Linux,Staging,Italy,499
LTIRL993,Linux,Testing,Ireland,993
LPIRL852,Linux,Production,Ireland,852
ASITA491,AIX,Staging,Italy,491
ASESP831,AIX,Staging,Spain,831
LTDEU264,Linux,Testing,Germany,264
STIRL967,Solaris,Testing,Ireland,967
SIIRL505,Solaris,Integration,Ireland,505
ASESP763,AIX,Staging,Spain,763
LSITA563,Linux,Staging,Italy,563
SPFRA057,Solaris,Production,France,57
STITA273,Solaris,Testing,Italy,273
SSIRL356,Solaris,Staging,Ireland,356
LPITA777,Linux,Production,Italy,777
ATESP806,AIX,Testing,Spain,806
STFRA389,Solaris,Testing,France,389
SPNOR199,Solaris,Production,Norway,199
LTNOR094,Linux,Testing,Norway,94
LPDEU972,Linux,Production,Germany,972
ASITA519,AIX,Staging,Italy,519
LIESP780,Linux,Integration,Spain,780
LSIRL477,Linux,Staging,Ireland,477
APIRL847,AIX,Production,Ireland,847
STIRL369,Solaris,Testing,Ireland,369
HSDEU956,HP-UX,Staging,Germany,956
LPITA224,Linux,Production,Italy,224
LDESP865,Linux,Development,Spain,865
SDIRL978,Solaris,Development,Ireland,978
HIFRA832,HP-UX,Integration,France,832
LTFRA314,Linux,Testing,France,314
LSIRL381,Linux,Staging,Ireland,381
LPIRL252,Linux,Production,Ireland,252
LSDEU583,Linux,Staging,Germany,583
LDESP384,Linux,Development,Spain,384
STDEU091,Solaris,Testing,Germany,91
SPFRA140,Solaris,Production,France,140
LPNOR829,Linux,Production,Norway,829
LPDEU153,Linux,Production,Germany,153
STDEU327,Solaris,Testing,Germany,327
ATIRL181,AIX,Testing,Ireland,181
STNOR478,Solaris,Testing,Norway,478
LIITA397,Linux,Integration,Italy,397
SPDEU786,Solaris,Production,Germany,786
LTIRL541,Linux,Testing,Ireland,541
LDITA935,Linux,Development,Italy,935
LDFRA251,Linux,Development,France,251
LTESP029,Linux,Testing,Spain,29
STDEU467,Solaris,Testing,Germany,467
STIRL035,Solaris,Testing,Ireland,35
HTNOR191,HP-UX,Testing,Norway,191
AIIRL233,AIX,Integration,Ireland,233
LTITA537,Linux,Testing,Italy,537
ATIRL008,AIX,Testing,Ireland,8
SSIRL026,Solaris,Staging,Ireland,26
SPITA617,Solaris,Production,Italy,617
SPITA359,Solaris,Production,Italy,359
HTDEU716,HP-UX,Testing,Germany,716
LPDEU491,Linux,Production,Germany,491
SPESP137,Solaris,Production,Spain,137
STDEU518,Solaris,Testing,Germany,518
SIFRA207,Solaris,Integration,France,207
LIDEU481,Linux,Integration,Germany,481
LDDEU820,Linux,Development,Germany,820
ASNOR093,AIX,Staging,Norway,93
ATESP280,AIX,Testing,Spain,280
LTDEU014,Linux,Testing,Germany,14
LPFRA302,Linux,Production,France,302
LTITA337,Linux,Testing,Italy,337
SIIRL518,Solaris,Integration,Ireland,518
STDEU671,Solaris,Testing,Germany,671
LIIRL356,Linux,Integration,Ireland,356
HPDEU046,HP-UX,Production,Germany,46
SSDEU042,Solaris,Staging,Germany,42
SSNOR819,Solaris,Staging,Norway,819
APIRL690,AIX,Production,Ireland,690
HPDEU880,HP-UX,Production,Germany,880
STIRL769,Solaris,Testing,Ireland,769
SPNOR078,Solaris,Production,Norway,78
ASDEU771,AIX,Staging,Germany,771
LSIRL119,Linux,Staging,Ireland,119
ASITA256,AIX,Staging,Italy,256
ASIRL455,AIX,Staging,Ireland,455
LPITA029,Linux,Production,Italy,29
SPDEU568,Solaris,Production,Germany,568
STIRL682,Solaris,Testing,Ireland,682
ASIRL952,AIX,Staging,Ireland,952
STIRL013,Solaris,Testing,Ireland,13
LIFRA953,Linux,Integration,France,953
SPIRL844,Solaris,Production,Ireland,844
SPDEU002,Solaris,Production,Germany,2
APDEU178,AIX,Production,Germany,178
SPIRL729,Solaris,Production,Ireland,729
AIESP836,AIX,Integration,Spain,836
AIDEU380,AIX,Integration,Germany,380
SIDEU395,Solaris,Integration,Germany,395
ASESP423,AIX,Staging,Spain,423
LPDEU922,Linux,Production,Germany,922
APFRA591,AIX,Production,France,591
SSDEU110,Solaris,Staging,Germany,110
SPIRL916,Solaris,Production,Ireland,916
STFRA487,Solaris,Testing,France,487
ASDEU275,AIX,Staging,Germany,275
SDNOR584,Solaris,Development,Norway,584
HPDEU224,HP-UX,Production,Germany,224
ATDEU471,AIX,Testing,Germany,471
LPNOR825,Linux,Production,Norway,825
SPIRL659,Solaris,Production,Ireland,659
LTITA942,Linux,Testing,Italy,942
LDESP801,Linux,Development,Spain,801
STESP776,Solaris,Testing,Spain,776
SPNOR710,Solaris,Production,Norway,710
SPIRL578,Solaris,Production,Ireland,578
AIITA503,AIX,Integration,Italy,503
STIRL861,Solaris,Testing,Ireland,861
AIDEU056,AIX,Integration,Germany,56
SPNOR111,Solaris,Production,Norway,111
ASDEU483,AIX,Staging,Germany,483
LSNOR876,Linux,Staging,Norway,876
HPNOR060,HP-UX,Production,Norway,60
LPDEU320,Linux,Production,Germany,320
SDDEU345,Solaris,Development,Germany,345
SSITA586,Solaris,Staging,Italy,586
SSIRL694,Solaris,Staging,Ireland,694
SPITA924,Solaris,Production,Italy,924
SIDEU614,Solaris,Integration,Germany,614
STIRL576,Solaris,Testing,Ireland,576
HPDEU730,HP-UX,Production,Germany,730
APDEU932,AIX,Production,Germany,932
LDIRL609,Linux,Development,Ireland,609
STIRL451,Solaris,Testing,Ireland,451
ADIRL338,AIX,Development,Ireland,338
LDDEU099,Linux,Development,Germany,99
SPNOR728,Solaris,Production,Norway,728
LSITA390,Linux,Staging,Italy,390
ASDEU116,AIX,Staging,Germany,116
ADDEU142,AIX,Development,Germany,142
LSIRL055,Linux,Staging,Ireland,55
STDEU572,Solaris,Testing,Germany,572
LSIRL598,Linux,Staging,Ireland,598
STDEU727,Solaris,Testing,Germany,727
HTESP131,HP-UX,Testing,Spain,131
LPDEU670,Linux,Production,Germany,670
LDDEU077,Linux,Development,Germany,77
SPNOR446,Solaris,Production,Norway,446
LTESP766,Linux,Testing,Spain,766
LSESP171,Linux,Staging,Spain,171
ASNOR247,AIX,Staging,Norway,247
LPNOR462,Linux,Production,Norway,462
SIDEU339,Solaris,Integration,Germany,339
LPESP855,Linux,Production,Spain,855
LPITA245,Linux,Production,Italy,245
LPIRL406,Linux,Production,Ireland,406
HTIRL588,HP-UX,Testing,Ireland,588
LTDEU269,Linux,Testing,Germany,269
SDNOR668,Solaris,Development,Norway,668
SDITA106,Solaris,Development,Italy,106
SSIRL046,Solaris,Staging,Ireland,46
LDESP377,Linux,Development,Spain,377
STIRL153,Solaris,Testing,Ireland,153
APFRA518,AIX,Production,France,518
SPESP032,Solaris,Production,Spain,32
SDDEU736,Solaris,Development,Germany,736
LTDEU791,Linux,Testing,Germany,791
SDITA428,Solaris,Development,Italy,428
LDDEU009,Linux,Development,Germany,9
APFRA459,AIX,Production,France,459
ADITA379,AIX,Development,Italy,379
HTITA599,HP-UX,Testing,Italy,599
LSESP625,Linux,Staging,Spain,625
SDDEU411,Solaris,Development,Germany,411
LPDEU099,Linux,Production,Germany,99
LSIRL548,Linux,Staging,Ireland,548
STIRL764,Solaris,Testing,Ireland,764
STNOR554,Solaris,Testing,Norway,554
LSIRL067,Linux,Staging,Ireland,67
AIIRL152,AIX,Integration,Ireland,152
SSIRL590,Solaris,Staging,Ireland,590
LSIRL069,Linux,Staging,Ireland,69
SSIRL136,Solaris,Staging,Ireland,136
STDEU066,Solaris,Testing,Germany,66
SDNOR563,Solaris,Development,Norway,563
SSIRL454,Solaris,Staging,Ireland,454
ASDEU616,AIX,Staging,Germany,616
LPESP260,Linux,Production,Spain,260
STIRL182,Solaris,Testing,Ireland,182
LPITA061,Linux,Production,Italy,61
ATESP111,AIX,Testing,Spain,111
LPDEU241,Linux,Production,Germany,241
LDDEU577,Linux,Development,Germany,577
LSDEU445,Linux,Staging,Germany,445
ATNOR113,AIX,Testing,Norway,113
LTITA171,Linux,Testing,Italy,171
HPNOR187,HP-UX,Production,Norway,187
ASESP589,AIX,Staging,Spain,589
SDESP830,Solaris,Development,Spain,830
SDIRL597,Solaris,Development,Ireland,597
LTIRL097,Linux,Testing,Ireland,97
HSITA509,HP-UX,Staging,Italy,509
ATIRL974,AIX,Testing,Ireland,974
APIRL855,AIX,Production,Ireland,855
LPITA408,Linux,Production,Italy,408
LPDEU208,Linux,Production,Germany,208
ASFRA961,AIX,Staging,France,961
LPIRL252,Linux,Production,Ireland,252
STITA096,Solaris,Testing,Italy,96
LPDEU001,Linux,Production,Germany,1
SPIRL937,Solaris,Production,Ireland,937
HPIRL834,HP-UX,Production,Ireland,834
LSIRL847,Linux,Staging,Ireland,847
LSIRL455,Linux,Staging,Ireland,455
LTDEU983,Linux,Testing,Germany,983
STNOR108,Solaris,Testing,Norway,108
AIIRL899,AIX,Integration,Ireland,899
LSIRL794,Linux,Staging,Ireland,794
LSDEU158,Linux,Staging,Germany,158
LPESP842,Linux,Production,Spain,842
LSDEU964,Linux,Staging,Germany,964
ATESP817,AIX,Testing,Spain,817
HTITA595,HP-UX,Testing,Italy,595
LSESP064,Linux,Staging,Spain,64
LSESP651,Linux,Staging,Spain,651
STITA983,Solaris,Testing,Italy,983
ATITA048,AIX,Testing,Italy,48
SSIRL644,Solaris,Staging,Ireland,644
HTIRL177,HP-UX,Testing,Ireland,177
LSITA238,Linux,Staging,Italy,238
SDESP237,Solaris,Development,Spain,237
LPDEU624,Linux,Production,Germany,624
LSIRL794,Linux,Staging,Ireland,794
STNOR267,Solaris,Testing,Norway,267
APIRL890,AIX,Production,Ireland,890
HIIRL949,HP-UX,Integration,Ireland,949
LDITA963,Linux,Development,Italy,963
LPIRL429,Linux,Production,Ireland,429
ATDEU348,AIX,Testing,Germany,348
STDEU130,Solaris,Testing,Germany,130
ADFRA459,AIX,Development,France,459
ADESP313,AIX,Development,Spain,313
STIRL779,Solaris,Testing,Ireland,779
SPITA165,Solaris,Production,Italy,165
ADESP281,AIX,Development,Spain,281
LTESP789,Linux,Testing,Spain,789
LSIRL510,Linux,Staging,Ireland,510
LSIRL531,Linux,Staging,Ireland,531
LPNOR113,Linux,Production,Norway,113
LIITA691,Linux,Integration,Italy,691
STNOR202,Solaris,Testing,Norway,202
HPITA853,HP-UX,Production,Italy,853
LSIRL784,Linux,Staging,Ireland,784
STNOR998,Solaris,Testing,Norway,998
SIIRL072,Solaris,Integration,Ireland,72
LSESP148,Linux,Staging,Spain,148
STIRL454,Solaris,Testing,Ireland,454
APITA628,AIX,Production,Italy,628
LPDEU430,Linux,Production,Germany,430
LTIRL991,Linux,Testing,Ireland,991
HIIRL647,HP-UX,Integration,Ireland,647
LIITA012,Linux,Integration,Italy,12
LPDEU096,Linux,Production,Germany,96
SPIRL092,Solaris,Production,Ireland,92
ASIRL124,AIX,Staging,Ireland,124
LPIRL766,Linux,Production,Ireland,766
ASFRA039,AIX,Staging,France,39
SPFRA008,Solaris,Production,France,8
SPIRL340,Solaris,Production,Ireland,340
SIIRL811,Solaris,Integration,Ireland,811
ATFRA905,AIX,Testing,France,905
LSIRL469,Linux,Staging,Ireland,469
LDDEU226,Linux,Development,Germany,226
LTNOR241,Linux,Testing,Norway,241
LTDEU083,Linux,Testing,Germany,83
ASIRL763,AIX,Staging,Ireland,763
LSIRL807,Linux,Staging,Ireland,807
LSITA526,Linux,Staging,Italy,526
LDIRL048,Linux,Development,Ireland,48
LSIRL288,Linux,Staging,Ireland,288
APDEU540,AIX,Production,Germany,540
APESP766,AIX,Production,Spain,766
LPDEU338,Linux,Production,Germany,338
LTIRL425,Linux,Testing,Ireland,425
LPESP161,Linux,Production,Spain,161
LTDEU804,Linux,Testing,Germany,804
ATIRL489,AIX,Testing,Ireland,489
AIDEU452,AIX,Integration,Germany,452
SSDEU342,Solaris,Staging,Germany,342
SDFRA405,Solaris,Development,France,405
LPNOR053,Linux,Production,Norway,53
LPESP109,Linux,Production,Spain,109
LTITA263,Linux,Testing,Italy,263
SPESP919,Solaris,Production,Spain,919
ATNOR206,AIX,Testing,Norway,206
LTDEU674,Linux,Testing,Germany,674
LSIRL878,Linux,Staging,Ireland,878
LPIRL350,Linux,Production,Ireland,350
LPDEU063,Linux,Production,Germany,63
SSNOR705,Solaris,Staging,Norway,705
AIFRA891,AIX,Integration,France,891
LTDEU628,Linux,Testing,Germany,628
APIRL290,AIX,Production,Ireland,290
ASIRL283,AIX,Staging,Ireland,283
SIFRA444,Solaris,Integration,France,444
HSIRL463,HP-UX,Staging,Ireland,463
LTDEU670,Linux,Testing,Germany,670
HSITA973,HP-UX,Staging,Italy,973
LPDEU042,Linux,Production,Germany,42
LSITA882,Linux,Staging,Italy,882
SDDEU115,Solaris,Development,Germany,115
SPIRL937,Solaris,Production,Ireland,937
SSESP818,Solaris,Staging,Spain,818
SPESP280,Solaris,Production,Spain,280
HPDEU422,HP-UX,Production,Germany,422
LTITA829,Linux,Testing,Italy,829
LSIRL727,Linux,Staging,Ireland,727
LSESP749,Linux,Staging,Spain,749
ATIRL997,AIX,Testing,Ireland,997
HSIRL439,HP-UX,Staging,Ireland,439
LPIRL705,Linux,Production,Ireland,705
STESP703,Solaris,Testing,Spain,703
SDIRL682,Solaris,Development,Ireland,682
LPDEU693,Linux,Production,Germany,693
SPITA554,Solaris,Production,Italy,554
LPDEU990,Linux,Production,Germany,990
LPIRL109,Linux,Production,Ireland,109
LSIRL479,Linux,Staging,Ireland,479
SPIRL756,Solaris,Production,Ireland,756
LSFRA935,Linux,Staging,France,935
LIDEU221,Linux,Integration,Germany,221
LPDEU509,Linux,Production,Germany,509
SDESP575,Solaris,Development,Spain,575
AIIRL182,AIX,Integration,Ireland,182
APESP115,AIX,Production,Spain,115
LPDEU553,Linux,Production,Germany,553
APNOR191,AIX,Production,Norway,191
LTESP092,Linux,Testing,Spain,92
APDEU830,AIX,Production,Germany,830
APESP395,AIX,Production,Spain,395
LPIRL992,Linux,Production,Ireland,992
STIRL529,Solaris,Testing,Ireland,529
STESP570,Solaris,Testing,Spain,570
LSDEU263,Linux,Staging,Germany,263
LSITA636,Linux,Staging,Italy,636
LTITA493,Linux,Testing,Italy,493
STIRL930,Solaris,Testing,Ireland,930
LDIRL407,Linux,Development,Ireland,407
APDEU452,AIX,Production,Germany,452
HTITA136,HP-UX,Testing,Italy,136
APESP407,AIX,Production,Spain,407
HPIRL515,HP-UX,Production,Ireland,515
LSITA101,Linux,Staging,Italy,101
SIIRL106,Solaris,Integration,Ireland,106
ATESP351,AIX,Testing,Spain,351
SDITA193,Solaris,Development,Italy,193
HTIRL439,HP-UX,Testing,Ireland,439
HTESP939,HP-UX,Testing,Spain,939
SPFRA674,Solaris,Production,France,674
ASIRL689,AIX,Staging,Ireland,689
APESP766,AIX,Production,Spain,766
STDEU537,Solaris,Testing,Germany,537
ATIRL379,AIX,Testing,Ireland,379
ATESP688,AIX,Testing,Spain,688
LDIRL032,Linux,Development,Ireland,32
HPIRL512,HP-UX,Production,Ireland,512
ATIRL867,AIX,Testing,Ireland,867
STNOR968,Solaris,Testing,Norway,968
SIDEU320,Solaris,Integration,Germany,320
LPESP775,Linux,Production,Spain,775
ADIRL766,AIX,Development,Ireland,766
AIDEU766,AIX,Integration,Germany,766
SDESP076,Solaris,Development,Spain,76
SPIRL967,Solaris,Production,Ireland,967
SPIRL689,Solaris,Production,Ireland,689
LIDEU410,Linux,Integration,Germany,410
AIITA909,AIX,Integration,Italy,909
LTFRA314,Linux,Testing,France,314
ATESP352,AIX,Testing,Spain,352
STIRL402,Solaris,Testing,Ireland,402
HSIRL475,HP-UX,Staging,Ireland,475
ASITA379,AIX,Staging,Italy,379
ASESP757,AIX,Staging,Spain,757
ATIRL714,AIX,Testing,Ireland,714
LPIRL001,Linux,Production,Ireland,1
ADDEU583,AIX,Development,Germany,583
SIESP155,Solaris,Integration,Spain,155
STNOR001,Solaris,Testing,Norway,1
LSIRL237,Linux,Staging,Ireland,237
SSDEU786,Solaris,Staging,Germany,786
LPIRL301,Linux,Production,Ireland,301
STIRL662,Solaris,Testing,Ireland,662
LIESP411,Linux,Integration,Spain,411
AIFRA638,AIX,Integration,France,638
LPITA344,Linux,Production,Italy,344
LSDEU782,Linux,Staging,Germany,782
LPDEU948,Linux,Production,Germany,948
ASITA371,AIX,Staging,Italy,371
LPITA859,Linux,Production,Italy,859
ASDEU472,AIX,Staging,Germany,472
AIFRA196,AIX,Integration,France,196
LTDEU354,Linux,Testing,Germany,354
SSESP700,Solaris,Staging,Spain,700
APIRL040,AIX,Production,Ireland,40
SPIRL344,Solaris,Production,Ireland,344
ADIRL131,AIX,Development,Ireland,131
LPITA619,Linux,Production,Italy,619
LTESP641,Linux,Testing,Spain,641
STDEU940,Solaris,Testing,Germany,940
SSESP065,Solaris,Staging,Spain,65
SSITA072,Solaris,Staging,Italy,72
SPDEU579,Solaris,Production,Germany,579
LDITA461,Linux,Development,Italy,461
ASIRL583,AIX,Staging,Ireland,583
SSESP416,Solaris,Staging,Spain,416
ASDEU618,AIX,Staging,Germany,618
APNOR433,AIX,Production,Norway,433
STESP613,Solaris,Testing,Spain,613
STNOR921,Solaris,Testing,Norway,921
SSESP724,Solaris,Staging,Spain,724
HSDEU199,HP-UX,Staging,Germany,199
ADIRL593,AIX,Development,Ireland,593
LSITA995,Linux,Staging,Italy,995
SSITA214,Solaris,Staging,Italy,214
STDEU128,Solaris,Testing,Germany,128
LPESP749,Linux,Production,Spain,749
LPIRL322,Linux,Production,Ireland,322
LPNOR389,Linux,Production,Norway,389
HSIRL396,HP-UX,Staging,Ireland,396
APDEU876,AIX,Production,Germany,876
HTDEU929,HP-UX,Testing,Germany,929
HTITA081,HP-UX,Testing,Italy,81
LPITA518,Linux,Production,Italy,518
APDEU024,AIX,Production,Germany,24
APDEU881,AIX,Production,Germany,881
LTIRL320,Linux,Testing,Ireland,320
ATESP186,AIX,Testing,Spain,186
LPITA904,Linux,Production,Italy,904
LPIRL568,Linux,Production,Ireland,568
SSDEU897,Solaris,Staging,Germany,897
SPFRA872,Solaris,Production,France,872
LPIRL969,Linux,Production,Ireland,969
SSIRL739,Solaris,Staging,Ireland,739
STIRL680,Solaris,Testing,Ireland,680
LDFRA252,Linux,Development,France,252
ASITA284,AIX,Staging,Italy,284
LTIRL951,Linux,Testing,Ireland,951
LTESP691,Linux,Testing,Spain,691
SSIRL266,Solaris,Staging,Ireland,266
HSIRL099,HP-UX,Staging,Ireland,99
HTNOR416,HP-UX,Testing,Norway,416
LSIRL595,Linux,Staging,Ireland,595
LPDEU646,Linux,Production,Germany,646
LSNOR077,Linux,Staging,Norway,77
LTFRA995,Linux,Testing,France,995
HSESP931,HP-UX,Staging,Spain,931
ASITA920,AIX,Staging,Italy,920
STIRL697,Solaris,Testing,Ireland,697
LPDEU226,Linux,Production,Germany,226
SDDEU662,Solaris,Development,Germany,662
ATESP487,AIX,Testing,Spain,487
HIESP364,HP-UX,Integration,Spain,364
SSESP968,Solaris,Staging,Spain,968
SPITA933,Solaris,Production,Italy,933
SPDEU162,Solaris,Production,Germany,162
LPITA737,Linux,Production,Italy,737
SSFRA990,Solaris,Staging,France,990
SPFRA913,Solaris,Production,France,913
LTDEU723,Linux,Testing,Germany,723
HTDEU601,HP-UX,Testing,Germany,601
LDDEU847,Linux,Development,Germany,847
SSIRL428,Solaris,Staging,Ireland,428
SPFRA855,Solaris,Production,France,855
HTESP051,HP-UX,Testing,Spain,51
STIRL568,Solaris,Testing,Ireland,568
APIRL895,AIX,Production,Ireland,895
LIIRL047,Linux,Integration,Ireland,47
LPFRA207,Linux,Production,France,207
LSESP775,Linux,Staging,Spain,775
LTIRL656,Linux,Testing,Ireland,656
STDEU571,Solaris,Testing,Germany,571
SPIRL517,Solaris,Production,Ireland,517
SSDEU272,Solaris,Staging,Germany,272
LTITA804,Linux,Testing,Italy,804
HTFRA827,HP-UX,Testing,France,827
LSESP110,Linux,Staging,Spain,110
STIRL312,Solaris,Testing,Ireland,312
HPIRL616,HP-UX,Production,Ireland,616
LPIRL181,Linux,Production,Ireland,181
LIIRL127,Linux,Integration,Ireland,127
LSIRL372,Linux,Staging,Ireland,372
SDITA055,Solaris,Development,Italy,55
HSIRL193,HP-UX,Staging,Ireland,193
ASIRL077,AIX,Staging,Ireland,77
LPNOR098,Linux,Production,Norway,98
LPIRL956,Linux,Production,Ireland,956
LPITA492,Linux,Production,Italy,492
LIITA960,Linux,Integration,Italy,960
LPIRL481,Linux,Production,Ireland,481
ATIRL175,AIX,Testing,Ireland,175
ADIRL206,AIX,Development,Ireland,206
SPDEU282,Solaris,Production,Germany,282
LPESP693,Linux,Production,Spain,693
ATIRL155,AIX,Testing,Ireland,155
SSITA348,Solaris,Staging,Italy,348
SSESP333,Solaris,Staging,Spain,333
LTDEU913,Linux,Testing,Germany,913
SPIRL918,Solaris,Production,Ireland,918
HPIRL984,HP-UX,Production,Ireland,984
LSIRL284,Linux,Staging,Ireland,284
HSESP938,HP-UX,Staging,Spain,938
SSESP128,Solaris,Staging,Spain,128
LSDEU685,Linux,Staging,Germany,685
SPESP043,Solaris,Production,Spain,43
LIIRL346,Linux,Integration,Ireland,346
LSFRA489,Linux,Staging,France,489
SIDEU113,Solaris,Integration,Germany,113
ASDEU858,AIX,Staging,Germany,858
LSITA607,Linux,Staging,Italy,607
LSFRA815,Linux,Staging,France,815
STIRL039,Solaris,Testing,Ireland,39
LTIRL076,Linux,Testing,Ireland,76
LDITA529,Linux,Development,Italy,529
ADNOR241,AIX,Development,Norway,241
LSIRL032,Linux,Staging,Ireland,32
STFRA287,Solaris,Testing,France,287
LSFRA092,Linux,Staging,France,92
LPITA698,Linux,Production,Italy,698
LSNOR049,Linux,Staging,Norway,49
LDITA634,Linux,Development,Italy,634
LDESP188,Linux,Development,Spain,188
STESP984,Solaris,Testing,Spain,984
LSFRA407,Linux,Staging,France,407
